arabic market name ,price for 1kg,perfume code,compny tag
XXL,48,,EMSA
اتيرنتي رجالي,48,,EMSA
اتيرنتي نسائي,48,,EMSA
اثارة,44,,EMSA
اثارة (م),34,,EMSA
اديداس,64,,EMSA
ارامس 900,54,,EMSA
اير لوي,36,,EMSA
ارماني SI,58,,EMSA
ارماني كود سبورت,52,,EMSA
ارماني مانيا,54,,EMSA
اريع وردات,54,,EMSA
ازرق ازرق,50,,EMSA
ازارو فزت,46,,EMSA
ازارو كروم,46,,EMSA
ازارو هوم,62,,EMSA
ازارو NOW,50,,EMSA
اسكادا تاج,54,,EMSA
اسكادا كرز,50,,EMSA
اسكادا كلكشن,46,,EMSA
اسكادا مون سباركل,42,,EMSA
اسكادا انكريد ابل,52,,EMSA
اسكادا شيري,50,,EMSA
اسكيب,48,,EMSA
اغراء اوربي,58,,EMSA
اغراء نسائي NEW,52,,EMSA
اغراء اسود,53,,EMSA
اغراء خاص فكتوريا سكرت,45,,EMSA
اف سان لوران,52,,EMSA
ايفري وان,54,,EMSA
افشان,48,,EMSA
اكتف مان,54,,EMSA
اكسريوس روج,54,,EMSA
اكسي اتلانتس,42,,EMSA
اكسي الاسكا,42,,EMSA
اكسي شوكلاته NEW,42,,EMSA
اكسي كلك,42,,EMSA
اكسي مارين,42,,EMSA
اكوا دي جيو,48,,EMSA
اماريج,38,,EMSA
امريكان,48,,EMSA
امريكان FR,48,,EMSA
امنية بلكاري,50,,EMSA
امواج,50,,EMSA
امور امور,52,,EMSA
اموكلر,60,,EMSA
امير الشباب,54,,EMSA
انا الملك,46,,EMSA
"انا الملكة ""اسانسيه""",54,,EMSA
FR انسانسية,56,,EMSA
انا وياك,54,,EMSA
انايس انايس,46,,EMSA
انجل نسائي,50,,EMSA
انجل رجالي جديد,50,,EMSA
انفيكتوس باكوروبان,54,,EMSA
انمل,44,,EMSA
انكورا ديفا,54,,EMSA
اوباما اخضره,50,,EMSA
اوليمبيا,52,,EMSA
اوبن اخضر,48,,EMSA
اوراق الورد (م),28,,EMSA
ايفوريا,46,,EMSA
ايكو رجالي,46,,EMSA
اسي مياكي بلو,52,,EMSA
اسي مياكي,50,,EMSA
ايلي صعب,60,,EMSA
الحب الاول,48,,EMSA
الحب المجنون,48,,EMSA
الرحاب,58,,EMSA
اصيل,54,,EMSA
الطريق الى دبي,70,,EMSA
الثلج الاسود,42,,EMSA
البنفسج,38,,EMSA
اليزابيث اردن,50,,EMSA
الشفاه المبللة,62,,EMSA
القلب الشجاع,52,,EMSA
الشيخ زايد,44,,EMSA
الشيخ زايد (م),38,,EMSA
الشيخ زايد كولد,52,,EMSA
الليلة الخاصة,60,,EMSA
الزهرة الخاصة,38,,EMSA
اللور هوم سبورت FR,58,,EMSA
الانوثة من بوس,52,,EMSA
الاسطورة,54,,EMSA
الاحساس السري,60,,EMSA
الادمان العجيب,64,,EMSA
الوردة البيضاء,50,,EMSA
الوردة الحمراء,46,,EMSA
العود الابيض,56,,EMSA
العطر العربي,60,,EMSA
الخيال,64,,EMSA
الحلم الازرق,60,,EMSA
الخط العربي,85,,EMSA
الخلطة الخاصة مع العود,98,,EMSA
السلطانة هويام,54,,EMSA
السعادة الابدية,54,,EMSA
اللمسة الوردية,52,,EMSA
الرهان,44,,EMSA
الوسام,64,,EMSA
المسني,54,,EMSA
اليقين,70,,EMSA
الين (النجمة),60,,EMSA
الـ. اومبر دانس,60,,EMSA
الماء الازرق,54,,EMSA
المتألق,64,,EMSA
الـ. هوم,52,,EMSA
الـ. هوم وايت,54,,EMSA
الشهيرة,64,,EMSA
الفارس,68,,EMSA
بلجر نسائي,48,,EMSA
بلكاري جاسمين نوار,48,,EMSA
بلكاري سبورت,48,,EMSA
بلكاري مان M,52,,EMSA
بلو ترانس,50,,EMSA
بلو شانيل,50,,EMSA
بلو شانيل FR,56,,EMSA
بلو فور مان,52,,EMSA
بلو ليبيل,46,,EMSA
بلو ليدي,54,,EMSA
بورش دزاين,54,,EMSA
بوس المنستس,52,,EMSA
"بوس مان ""هوكو بوس""",48,,EMSA
بوس اورينج,46,,EMSA
بوس بتل,56,,EMSA
بولو بلو,46,,EMSA
بولو كلك,48,,EMSA
بومب شيل,52,,EMSA
بي يونايتد ازرق,60,,EMSA
بيوتفل,46,,EMSA
بيوتفل نسائي,50,,EMSA
بيور بلاك,50,,EMSA
باريس YSL,48,,EMSA
باترا,48,,EMSA
باريس هلتون,48,,EMSA
باي جيفنجي,50,,EMSA
بائعة الورد,60,,EMSA
بخور (كلك فلور),44,,EMSA
بخور عبير,48,,EMSA
برادا كانري,50,,EMSA
برايت كرستال,52,,EMSA
برتقال,36,,EMSA
برشلونا,46,,EMSA
بروت اسود,54,,EMSA
بروت اخضر,48,,EMSA
بروفسي,48,,EMSA
برتني سبيرس,48,,EMSA
بلاك X.S,50,,EMSA
بلاك اوبيوم حديث,58,,EMSA
بلاك ترانس,50,,EMSA
بلاي انتينس رجالي,52,,EMSA
بلاي بوي,58,,EMSA
تام داو,65,,EMSA
تصميم,70,,EMSA
تعارف,124,,EMSA
تفاح,20,,EMSA
توباكو فانيلا توم فورد,65,,EMSA
توم فورد,64,,EMSA
تومي بوي,44,,EMSA
212 سكسي رجالي,44,,EMSA
212 سكسي نسائي,44,,EMSA
212 VIP رجالي,46,,EMSA
تي روز,34,,EMSA
تيري دي هيرمز,52,,EMSA
تراب الذهب,48,,EMSA
تاج عبد الصمد القريشي,72,,EMSA
تد لبيدوز,50,,EMSA
تفاح (م),28,,EMSA
توم فورد نوار,62,,EMSA
جاكي مان,60,,EMSA
جارلي,44,,EMSA
جادور,50,,EMSA
"جاستيتي ""رصاصي""",50,,EMSA
جاكوار,50,,EMSA
"جياكومو ""محمود سعيد""",44,,EMSA
جامبيت,52,,EMSA
جذاب أخضر,54,,EMSA
"جميل ""البصرة""",85,,EMSA
جنيفر لوبيز,44,,EMSA
جوب احمر,54,,EMSA
جوب اصفر W,42,,EMSA
جوب جمب,48,,EMSA
جورجيو,40,,EMSA
جيب شيروكي,50,,EMSA
جي جي,52,,EMSA
جيفنجي بلاي W,52,,EMSA
جذاب W,54,,EMSA
جامبيون,54,,EMSA
جيفنجي بورهوم,54,,EMSA
حبيبتي,50,,EMSA
حريم السلطان,52,,EMSA
خليجي,80,,EMSA
خوخ (مالي),28,,EMSA
خوخ (مبخرة),18,,EMSA
دارج,80,,EMSA
در النجف,36,,EMSA
دراكار,48,,EMSA
دراكار نوار,54,,EMSA
دزاير بلو,46,,EMSA
D&G L3 دولجيكابانا,50,,EMSA
دعاء الجنة,34,,EMSA
دكني بي دليشز,؟,,EMSA
دلع البنات,54,,EMSA
دنهل الماني,54,,EMSA
دنهل بورهوم,48,,EMSA
دنهل بيرسيوت,50,,EMSA
دنهل دزاير اسباني,44,,EMSA
دنهل دزاير فرنسي,48,,EMSA
دنهل دموي,44,,EMSA
دنهل فريش,52,,EMSA
دنهل كلاسيك,48,,EMSA
ديفد بيكهام,48,,EMSA
داهيلا دفن جيفنجي,48,,EMSA
دارج نسائي,58,,EMSA
درهم,60,,EMSA
ديور هوم,55,,EMSA
دوف (م),18,,EMSA
ذه اصفر,52,,EMSA
ذه وان D&G,46,,EMSA
رازقي,32,,EMSA
راكان,100,,EMSA
رامبا,48,,EMSA
ريجي ريجي,46,,EMSA
رشا,44,,EMSA
رغبة,58,,EMSA
ريكسونا,60,,EMSA
رهيب,70,,EMSA
روز تالك,26,,EMSA
روز سوفاج,24,,EMSA
روشار رجالي,54,,EMSA
روما,50,,EMSA
رومانتك,60,,EMSA
رومانتس رالف لورين,50,,EMSA
رومانتس رصاصي,60,,EMSA
رالف لورين,48,,EMSA
رويال FR,70,,EMSA
رويال رصاصي,56,,EMSA
ريال مدريد,46,,EMSA
ريف دور,44,,EMSA
ريمي ماركوس W,64,,EMSA
ريمي ماركوس M,58,,EMSA
راش RUSH فكتوريا سكرت,44,,EMSA
رومانتك فكتوريا سكرت,؟,,EMSA
رومانتك (م),40,,EMSA
رويال بلو,54,,EMSA
روز (م),26,,EMSA
رجل الليل,60,,EMSA
روبرتو كافالي,54,,EMSA
زارا وايت جاسمين,50,,EMSA
زارا نسائي,54,,EMSA
زهرة التوليب,72,,EMSA
زهرة الخليج,54,,EMSA
زهرة العنبر,50,,EMSA
زهرة منتصف الليل,54,,EMSA
زهرة البنفسج,40,,EMSA
زهرة الرومانس الخاصة,110,,EMSA
CH رجالي,46,,EMSA
CK1,50,,EMSA
سلطان العطور,64,,EMSA
سلفر شادو,50,,EMSA
سندس,60,,EMSA
سواردي باريس,34,,EMSA
سيدة الانوثة,50,,EMSA
سينما,50,,EMSA
سيكار,52,,EMSA
سري للغاية,60,,EMSA
سكر بنات,42,,EMSA
سوفاج,52,,EMSA
سامبا,50,,EMSA
سبلانديد,54,,EMSA
سترونك مان,52,,EMSA
"سكرت مان ""الرجل السري""",50,,EMSA
سكسي كرافت,42,,EMSA
سكلبجر,48,,EMSA
سلفر سنت,56,,EMSA
سلفر ماونت,60,,EMSA
سليبنك بيبي,32,,EMSA
سبراي,50,,EMSA
سينشوال,58,,EMSA
شاكيرا,50,,EMSA
شاليز رجالي,54,,EMSA
شاليز نسائي,60,,EMSA
شانيل 5,32,,EMSA
شانيل بلاتينيوم,54,,EMSA
شانيل جنص,54,,EMSA
شوكلاته,34,,EMSA
شوكلاته فروت,40,,EMSA
شوكلاتا وايت,50,,EMSA
شوكلاتا بلاك,46,,EMSA
شو بارد عود ملكي,60,,EMSA
شوكلاتا بلاك,50,,EMSA
شو بارد عود ملكي,60,,EMSA
شيك رجالي,48,,EMSA
شيفون,62,,EMSA
شيفاز,65,,EMSA
شمس الامارات,54,,EMSA
شيخة ملكي,58,,EMSA
صحاري نوار توم فورد,60,,EMSA
صندل,44,,EMSA
صبايا,48,,EMSA
صبايا الخليج,68,,EMSA
صاحب السمو,68,,EMSA
صندل ملكي,56,,EMSA
طوكيو,65,,EMSA
عود (ماني),28,,EMSA
عطر العتبة,38,,EMSA
علاقة relation,70,,EMSA
عنبر,58,,EMSA
عنبر جامد,38,,EMSA
عنبر صافي,48,,EMSA
عود المثالي,104,,EMSA
عود كمبودي,100,,EMSA
عود مستكي,68,,EMSA
عود هندي,56,,EMSA
عود ورد,76,,EMSA
عود سويسري FR,92,,EMSA
عود الشيخة,64,,EMSA
عود بحريني,82,,EMSA
عود مبخر,54,,EMSA
عيد الحب,50,,EMSA
عرموط (ماني),18,,EMSA
غبار الذهب,52,,EMSA
غرام الليل,44,,EMSA
غلا زايد extra,65,,EMSA
غلا زايد رجالي,68,,EMSA
غلا زايد نسائي,54,,EMSA
فالنتينو,54,,EMSA
فراولة (ماني),18,,EMSA
فراوله,26,,EMSA
فل,34,,EMSA
فنتازيا منتصف الليل,50,,EMSA
فندي اسباني 04,48,,EMSA
فندي FR,48,,EMSA
فهرنهايت 32,46,,EMSA
فهرنهايت احمر,56,,EMSA
فوتو,54,,EMSA
فوياج,54,,EMSA
فيجي اصفر,34,,EMSA
فياكرا,54,,EMSA
فيرساجي عود نوار,60,,EMSA
فيرساجي فريش,50,,EMSA
فيرساجي رجالي,52,,EMSA
فرساشي كرستال,54,,EMSA
فانيلا خاص فكتوريا سكرت,45,,EMSA
فري سكسي ناو,60,,EMSA
قداح طبيعي,48,,EMSA
قاهر النساء,52,,EMSA
قصر الشوق,50,,EMSA
قمر الزمان,70,,EMSA
قشر الليمون,30,,EMSA
كابتن بلاك,؟,,EMSA
كارتير باشا,52,,EMSA
كارتير دكلريشن,52,,EMSA
كاردينيا,32,,EMSA
كاريزما,46,,EMSA
كارولينا هريرا,44,,EMSA
كارون رجالي,54,,EMSA
كازنوفا,48,,EMSA
كازنوفا 2 اخضر,60,,EMSA
كاسيليا,54,,EMSA
كالدون رجالي,54,,EMSA
كالدون نسائي,54,,EMSA
كرزة,42,,EMSA
كشمير اسود,58,,EMSA
كشمير اصفر,34,,EMSA
كلامور,؟,,EMSA
كلامور العراق,46,,EMSA
كلده,46,,EMSA
كلوي نرسيس,48,,EMSA
كن مختلفا رجالي,64,,EMSA
كن مختلفا نسائي,68,,EMSA
كنزو فلور,50,,EMSA
كوجي كلتي,50,,EMSA
كوجي كلتي بلاك,52,,EMSA
كوروم,46,,EMSA
كوكو ريكو,44,,EMSA
كوكو شانيل,42,,EMSA
كول وتر رجالي,48,,EMSA
كريد افنتوس W,64,,EMSA
كنزو فلور ,48,,EMSA
كوكو مزمزيل ,؟,,EMSA
كول وتر ازرق W,42,,EMSA
كول وتر M,58,,EMSA
كول وتر ايطالي,54,,EMSA
كلك فلور FR,52,,EMSA
كوبا,56,,EMSA
كوجي عود,55,,EMSA
كوبرا,38,,EMSA
كريستيانو رونالدو,54,,EMSA
كريد اخضر,64,,EMSA
كريد افنتوس W,64,,EMSA
كوكو مزمزيل,44,,EMSA
كود كيل,58,,EMSA
كلين بريز (م),28,,EMSA
كالكسي 7,55,,EMSA
كريب فروت (م),28,,EMSA
كلمات,54,,EMSA
لابيدوز,46,,EMSA
لافيست بيل الحياة حلوة,60,,EMSA
لاكوست احمر,48,,EMSA
ليبيدوز ENG,46,,EMSA
لاكوست اسنتشيال,48,,EMSA
لاكوست بلو,52,,EMSA
لاكوست بورهوم,50,,EMSA
لاكوست تج اوف بنك,50,,EMSA
لاكوست جالنج,44,,EMSA
لاكوست سبورت,52,,EMSA
لاكوست وايت,؟,,EMSA
لاكوست لايف,50,,EMSA
لاكوست احمر ,52,,EMSA
لاليك وايت,54,,EMSA
لانكوم ,48,,EMSA
لايف جاز YSL,48,,EMSA
لكزز,54,,EMSA
للرجال فقط,52,,EMSA
للشجعان فقط,54,,EMSA
لمستي,68,,EMSA
لندن,52,,EMSA
لوليتا,46,,EMSA
ليالي دبي,84,,EMSA
ليدي مليون,56,,EMSA
ليدي FR,60,,EMSA
 ليلة الاحلام عمان,52,,EMSA
ليلة الخميس,54,,EMSA
ليلي,48,,EMSA
ليلي لبنان ابيض,48,,EMSA
ليمون فا,24,,EMSA
ليمون (م),28,,EMSA
ليمون هامبورغ,24,,EMSA
ليلة اللقاء,58,,EMSA
ليلة الزفاف,50,,EMSA
لغة الجسد,88,,EMSA
لوماتي اخضر,58,,EMSA
لافندر فرش (م),30,,EMSA
ليدي اصفر,60,,EMSA
لانفين ,؟,,EMSA
ما اروعك,54,,EMSA
ما وراء الجنة,56,,EMSA
ماليزيا أخضر,50,,EMSA
مارسدس,52,,EMSA
مازلونا,44,,EMSA
مانافيستو,60,,EMSA
مانشستر,44,,EMSA
مثبت,38,,EMSA
مثيرة جديد,58,,EMSA
مخلط بدر,52,,EMSA
مخلط العروسة,70,,EMSA
مخلط ملكي,68,,EMSA
مخلط رومانتسي FR,64,,EMSA
مخور الامارات,50,,EMSA
مدام روش,46,,EMSA
مذهلة,50,,EMSA
مس ديور شيري,50,,EMSA
مس كاندي,52,,EMSA
ماربت مان,54,,EMSA
مسك الوزير,52,,EMSA
مسك ابيض,48,,EMSA
مسك الحرمين,30,,EMSA
مسك الحرمين اصفر,28,,EMSA
مسك الحضرة,36,,EMSA
ميسي,52,,EMSA
معلمتي ,?,,EMSA
مكياج (توسكا),38,,EMSA
مونتانا,52,,EMSA
مينت,34,,EMSA
موناليزا,50,,EMSA
ماليزيا FR,56,,EMSA
مسك الطهارة,?,,EMSA
ناركيسو رودريكز,58,,EMSA
ناركيس جورج قرداحي,60,,EMSA
ناركيسو باودر,60,,EMSA
نيزك,64,,EMSA
نرجس بري,40,,EMSA
نيودي (تدلل),56,,EMSA
نينارجي,52,,EMSA
نسيم (ماني),18,,EMSA
هاجر,50,,EMSA
هافانا,52,,EMSA
هافوك,44,,EMSA
هافوك رجالي,48,,EMSA
هافوك نسائي,48,,EMSA
هاواي,40,,EMSA
هاواي تايتانيك,38,,EMSA
همر ,54,,EMSA
هو كو انيرجايز,50,,EMSA
هو كو رجالي M,42,,EMSA
هوكو نسائي,42,,EMSA
هو كو كن مختلفا,48,,EMSA
هبتونيك بويزن,48,,EMSA
هوت,54,,EMSA
هيربيسيمو,60,,EMSA
هبي كلينك,48,,EMSA
وان مان شو,48,,EMSA
وان مان شو (معطر جو),26,,EMSA
وان مليون,54,,EMSA
ورد سويسري,40,,EMSA
وصال,80,,EMSA
وقت الحب,46,,EMSA
وقود الحياة,50,,EMSA
ويك اند,40,,EMSA
ورد متسلق,36,,EMSA
ورد تركي,40,,EMSA
ورد مغربي,42,,EMSA
وشوشة,66,,EMSA
ورد الطائف,40,,EMSA
ورد محمدي,43,,EMSA
ياسمين مصري,24,,EMSA
UDV,60,,EMSA
يوجي,46,,EMSA
يونيفاي,100,,EMSA
ايبل امواج W,74,,EMSA
اوبيوس Opus امواج,74,,EMSA
العذراء,48,,EMSA
عنبر ENG,36,,EMSA
ماكس,?,,EMSA
جبرايل شانيل,64,,EMSA
بيور Xs,54,,EMSA
سكا ندال,56,,EMSA
اكتف ومان,58,,EMSA
خشب العود,100,,EMSA
مايكل كورس (48 ساعة),60,,EMSA
جاسمين ملكي طبيعي,100,,EMSA
شاليز الليلة الحمراء,54,,EMSA
هافوك اخضر,50,,EMSA
فولتير,75,,EMSA
ذه رجالي,60,,EMSA
سوبرمان,56,,EMSA
السلطان,68,,EMSA
دومينانت,78,,EMSA
بروت فابريج,48,,EMSA
مخلط كويتي,60,,EMSA
ملك الإغراء,64,,EMSA
ويلي,54,,EMSA
غلا خليفة,64,,EMSA
مذهلة,54,,EMSA
هوكو دارك بلو,48,,EMSA
كسينتو (سوسييرو),64,42547,EMSA
لباقة العليا,54,42541,EMSA
الرومانسية العربية للعود,60,42542,EMSA
شيخ زايد جوري,44,42545,EMSA
بوز بطل عود,52,42533,EMSA
كلاسيكا (سوسبيرو),68,42548,EMSA
ERBA PUR (سوسبيرو),64,42549,EMSA
قوس النصر,48,42546,EMSA
ايسي مياكي نوت,52,42537,EMSA
اوزون Ozon,52,42535,EMSA
غلا زايد ITALY,64,42539,EMSA
هافين,؟,42534,EMSA
بلاي بوي سكسي,46,42536,EMSA
بولو اكسبلورير,58,42543,EMSA
زعفران,64,42532,EMSA
لوكس, 20 بدون خصم,42544,EMSA
كومفورت داوني,24 بدون خصم,42540,EMSA
سر الخلود,؟,42538,EMSA
أنتريج FR,64,42660,EMSA
أرماني برايف أربيان روز,68,42652,EMSA
السعادة (الليلة الذهبية),64,42648,EMSA
العود الأبيض ARG,65,42650,EMSA
اللمسة الجنسية,60,42662,EMSA
بوكارت روج Swiss,78,42661,EMSA
ذه أونلي وان FR,64,42654,EMSA
سنان FR,؟,42658,EMSA
سيكار GER,68,42656,EMSA
شهرة نسائي W,64,42647,EMSA
عود مثالي FR,؟,42659,EMSA
فيجي ENG,42,42655,EMSA
لا شيء سواك GOSH,64,42649,EMSA
مسك طهارة FR,64,42653,EMSA
هوت بلاك,60,42646,EMSA
هالوين,64,42651,EMSA
وصال FR,90,42657,EMSA
الف زهرة,75,42748,EMSA
مسك ابيض F,75,42749,EMSA
212 VIP نسائي,75,42750,EMSA
باودر مسك,65,42751,EMSA
مسك العرموط,65,42752,EMSA
مسك الخوخ,65,42753,EMSA
مسك خزامي,65,42754,EMSA
فتاة غامضة,75,42755,EMSA
رمال الليل ارماني,125,42756,EMSA
بربري هير,85,42757,EMSA
الأنوثة,60,42638,EMSA
أحلام العرب عودي,65,42640,EMSA
أرماني برايف,75,42645,EMSA
أرماني روج,65,42642,EMSA
آل انستانت GUERLAIN,60,42628,EMSA
الفاخر,65,42631,EMSA
بيكوزاتزيو (BECAUSE ITS YOU),74,42630,EMSA
بلوم كوجي,64,42636,EMSA
باكارات روج,80,42639,EMSA
بولو ألترا بلو,65,42644,EMSA
تي روز USA,45,42627,EMSA
حامل المسك,65,42633,EMSA
سيكرت بيبي باودر,60,42626,EMSA
سترونجر وذ يو (STRONGER WITH YOU),؟,42629,EMSA
شهرة M,64,42643,EMSA
شيخ 2020,64,42637,EMSA
فايكنج كريد,60,42635,EMSA
فيرساجي كرستال نوار,65,42641,EMSA
مسك عراقي,84,42625,EMSA
كونيكت ايروتيك,65,42632,EMSA
هاوسمان رجالي (هوس),75,42634,EMSA
تراب الذهب ENG.,46,42663,EMSA
سوبر بلاتينيوم ENG.,100,42664,EMSA
مسك الحرير Swiss,100,42665,EMSA
خشب الأرز الفاخر,120,42666,EMSA
أرماني برايف تركوازي,75,42667,EMSA
أرماني برايف أزرق,75,42668,EMSA
الزهرة الأولى,100,42669,EMSA
مسك طهارة جديد,48,42670,EMSA
اكسيريوس,58,42703,EMSA
الشاي الابيض,58,42704,EMSA
كريد افنتوس سويسري,85,42705,EMSA
الخيال VIP,85,42706,EMSA
L 3 VIP,60,42707,EMSA
رمزي رصاصي,80,42709,EMSA
رمال,75,42710,EMSA
ليل ملكي VIP,75,42711,EMSA
اسم مياكي نكتر,65,42712,EMSA
هوكو W سويسري,65,42713,EMSA
عطر العروسة / ارض الخليج,65,42714,EMSA
لوتر عود / لانكوم,85,42716,EMSA
فاسيو,65,42715,EMSA
لا يقاوم رصاصي VIP,105,42717,EMSA
انطباع رصاصي VIP,105,42718,EMSA
انفاس الشغف رصاصي,65,42719,EMSA
بصمة VIP,85,42720,EMSA
مسك نوبل,65,42721,EMSA
EPIG + اسم اخر غير واضح,60,47708,EMSA
ماي واي انتينز,65,42731,EMSA
بولو الكأس,65,42732,EMSA
نوليميت,90,42733,EMSA
روز ميلانو ارماني,65,42734,EMSA
غلا الروح (كويت),65,42735,EMSA
jpg سكاندال,65,42736,EMSA
انطونيو (M),65,42737,EMSA
ال روشاز (m),75,42738,EMSA
اسرار النساء,75,42739,EMSA
فري كود كيل,75,42740,EMSA
passion عشق,90,42741,EMSA
القبلة الاولى,95,42742,EMSA
الليله الحمراء,75,42743,EMSA
لويز فيتون LV,75,42744,EMSA
فانتوم من باكوروبان,75,42745,EMSA
فيراري SWISS,65,42746,EMSA
إصدار خاص,68,42602,EMSA
أنا الأبيض,75,42585,EMSA
أتيرنتي نسائي .ENG,40,42608,EMSA
بيكاسو SWISS,56,42579,EMSA
تزوجني,54,42578,EMSA
جالاكسي شامباني,52,42603,EMSA
تيتانيوم,60,42586,EMSA
خيالي,75,42591,EMSA
رخام,60,42577,EMSA
رشا 2,58,42581,EMSA
ريمي ماركوس NEW,54,42604,EMSA
سوفاج .FR,54,42584,EMSA
عود زايد,74,42587,EMSA
عبير الشوق,48,42582,EMSA
عتيق VINTAGE,64,42606,EMSA
غالي EXPENSIVE,74,42588,EMSA
فرانك أوليفر,74,42589,EMSA
فندي .ESS,50,42605,EMSA
مخلط عالية,64,42580,EMSA
مخلط ملكي .FR,58,42583,EMSA
مسك أبيض .FR,48,42607,EMSA
بخور صناعي,24,42597,EMSA
بنفسج صناعي,24,؟,EMSA
برسيل صناعي,20,42595,EMSA
تفاح صناعي,16,42601,EMSA
جاسمين صناعي,16,42592,EMSA
دوف صناعي,22,42590,EMSA
روز صناعي,20,42598,EMSA
زنبق صناعي,22,42599,EMSA
علج بوبي صناعي,16,42600,EMSA
فراولة صناعي,18,42596,EMSA
ورد جوري صناعي,18,42594,EMSA
اتيرنتي أنتينز M,48,42611,EMSA
الحلم الملكي,60,42617,EMSA
أحلام العرب,48,42623,EMSA
أرماني SI الأحمر (استنس),58,42614,EMSA
BAD GIRL كيليان,60,42618,EMSA
بلاتينيوم EXTRA,50,42624,EMSA
جاكوما FR,58,42620,EMSA
شيخ الشيوخ,60,42619,EMSA
عود أصفهان كرستيان ديور,75,42622,EMSA
عود سيوفي ملكي,75,42615,EMSA
مايكل كورس W,54,42609,EMSA
مليون دولار برايف,54,42610,EMSA
مونتال بلاك عود,60,42621,EMSA
مونتال كولد روز (الزهرة الذهبية),60,42613,EMSA
ماي بربري W,56,42612,EMSA
نخبة العود,75,42616,EMSA
كوستا كوستا,100,42759,EMSA
الفتاة الجميلة,70,42763,EMSA
بربري هير,75,42757,EMSA
بوز لايف,75,42762,EMSA
ليبري YSL سويسري (LIBRE),75,42768,EMSA
جست لوف مي,100,42766,EMSA
ليالي كان,95,42761,EMSA
العطر الأغريقي,75,42760,EMSA
ال هوم بارفيوم YSL,115,42765,EMSA
بيور ديستان بلاك,65,42770,EMSA
الرغبة الخبيثة Fr,90,42771,EMSA
شيفون (وردي),65,42772,EMSA
بيبي باودر VIP,55,42773,EMSA
5-77,75,42283,EMSA
المتحرش,75,42774,EMSA
بيور ديستان بلاك VIP,250,42769,EMSA
قبلة المطر,65,42764,EMSA
ملك بخاري,65,42767,EMSA
كلاب دي نويت أنتينز,90,42775,EMSA
مخلط عبد العزيز,100,42776,EMSA
بلان تايجر,75,42777,EMSA
212 هيروس فور ايفر,65,42778,EMSA
فانتوم باكوروبان,75,42779,EMSA
باريس باريس شانيل,65,42780,EMSA
بولو ايفرست,65,42781,EMSA
برادوكس برادا,85,42782,EMSA
Q دولجي كابانا,85,42783,EMSA
VIP 11033,75,42784,EMSA
خمرة (لطافة),65,42785,EMSA
توم فورد امبر ليذر,95,42786,EMSA
لغز الأزرق,65,42787,EMSA
سول باتشولي,95,42788,EMSA
حب مجنون New,65,42789,EMSA
ذه ولي وان,90,42790,EMSA
انسبيليشن,65,42791,EMSA
D&G دولجي كابانا فيوليت,75,42812,EMSA
هافوك VIP,75,42813,EMSA
هوت بلاك W,75,42814,EMSA
راف ناو,75,42815,EMSA
باروندا VIP,110,42816,EMSA
كيرك تيزيانا,85,42817,EMSA
ليدي روزا Roza,75,42818,EMSA
بلاك X.S سويسري,75,42819,EMSA
توم فورد فانيلا سكس,75,42820,EMSA
اجواء,95,42821,EMSA
313,85,42822,EMSA
الانوثه VIP,85,42823,EMSA
انفكتوس VIP,85,42824,EMSA
ديلينا روز,125,42825,EMSA
انا الاسود,65,42826,EMSA
بلاتينيوم,65,23905,RMI
انجل شير,75,24164,RMI
أربا بيورا,75,21827,RMI
ليبرا ysl,75,17188,RMI
توماس كوسمالا No 4,85,20340,RMI
كريد افينتوس,75,17842,RMI
ارتودي باريسي Terroni,300,18858,RMI
سوفاج,75,21773,RMI
امبريال فالي سوبر,185,31756,RMI
امبريال فالي VIP,125,31761,RMI
ميجاماز,175,42801,EMSA
بي شوت,65,42802,EMSA
جاسمين روج,85,42803,EMSA
امبر نوماد LV,75,42804,EMSA
دزاير بلو Swiss,75,42805,EMSA
دارك شوكلاته,55,42806,EMSA
لافين بلو,90,42807,EMSA
لوف الكسير,75,42808,EMSA
فويتون ابيض,175,42809,EMSA
ليدي بنفسجي,65,42810,EMSA
بلاك اند وايت,85,42811,EMSA
سكاندال W,75,22552,RMI
ديلينا روز,110,23708,RMI
سوبر Y ysl,110,13905,RMI
اكواكيس V.S,60,30690,RMI
عنبر رومانسي,60,30683,RMI
لوف اديكيت V.S,60,30693,RMI
لوف سبيل V.S,60,30684,RMI
بيور سيركشن V.S,65,30699,RMI
بير فانيلا V.S,65,21793,RMI
رومانتك V.S,65,23227,RMI
هادسون قصه,120,31713,RMI
اغراء V.S,65,30673,RMI
فلو جاسمين,110,42828,EMSA
ذه وان M,75,42829,EMSA
برشلونه Vip,175,42832,EMSA
أيماجنيشن LV,175,42833,EMSA
مرياد LV,95,42834,EMSA
أوف لاين (سوبر),200,42835,EMSA
نيشان X اكسترا,75,42830,EMSA
هوس مان Swiss,85,42831,EMSA
كاتلونيا (جبال),175,42836,EMSA
بو أمبريال,125,42837,EMSA
DG 3 VIP,100,42838,EMSA